,lr,weight_decay,p_dropout,layers,ntrain,nodes,ACC,LogLoss,Mean KL-div,ECE,WD,Mean UQ,Std UQ,Min UQ,Max UQ,Mean Pc1 OOD,Std Pc1 OOD,Max Pc1 OOD,Min Pc1 OOD,Mean UQ OOD,Std UQ OOD,Max UQ OOD,Min UQ OOD,Delta time,Time
0,0.01,0.1,0.1,1,5000,20.0,0.7268,0.5652599076975791,0.023256076,0.09439621865749359,0.08222354190459083,0.05507244727540231,0.02604580765091467,0.010214259362010843,0.11960857746005778,0.9999974447970208,2.7832967327366236e-05,1.0,0.9996828925609589,3.604569922880716e-05,0.00039263250933273985,0.004473353021808765,2.9255666126852188e-43,0 days 00:00:36.469224,6894191.277381533
1,0.01,0.1,0.1,3,5000,200.0,0.735,0.5282919572848239,0.0027280618,0.027648791670799255,0.027060431144937322,0.03807411692222509,0.016050367931212457,0.0003658427276474984,0.08371610956840243,0.9992802371629156,0.0015325054650265017,1.0,0.9932499888539315,0.00976260554285427,0.020360898455791875,0.06716244109516074,3.345244935021689e-17,0 days 00:00:51.967263,6894243.263073312
2,0.01,0.1,0.1,8,5000,2000.0,0.5046,0.693222436657952,0.100449614,0.005453336983919144,0.23633967819919416,0.04891511500668594,0.019724267073924263,0.006906786998098064,0.10772755845918132,0.49798583932911944,0.00502039295894257,0.5138760821521282,0.4843494821421091,0.07197848234072458,0.021456312907884325,0.10863563178433774,0.011638767000911905,0 days 00:00:35.620386,6894279.133453278
3,0.01,0.1,0.3,1,5000,20.0,0.731,0.5733553898493117,0.03304758,0.09612604230642319,0.09010261056234668,0.07895245691409684,0.04246915416430661,0.007118676552491648,0.15778912836755143,0.9988435929681955,0.002380127435232578,1.0,0.9850399995577754,0.014305599785960823,0.027054556625620924,0.11202198118515619,1.0518656871338485e-20,0 days 00:00:30.981787,6894310.132601224
4,0.01,0.1,0.3,3,5000,200.0,0.7374,0.5332008689104782,0.0053007333,0.05430269241333008,0.052083515790454844,0.060717910750998964,0.019723762628191713,0.010074983227464463,0.12135512028380809,0.9663176472955025,0.007966393193373335,0.9842165669798851,0.9451786927878857,0.10917639819678497,0.012805905392865611,0.13832436262189043,0.07377329964170197,0 days 00:00:42.857631,6894353.010298064
5,0.01,0.1,0.3,8,5000,2000.0,0.5056,0.6931430912550105,0.1003935,0.00429534912109375,0.2369432116877062,0.008218685491502462,0.0012862836479212028,0.0067451330938003,0.036997811103262224,0.5098424734622241,0.0005731611992434561,0.5113308076560498,0.5088113890588284,0.008184611171185397,0.0003965989686006825,0.00913367583272758,0.0071976685078512384,0 days 00:00:33.859892,6894387.116548413
6,0.01,0.1,0.5,1,5000,20.0,0.7056,0.5852613820483874,0.039480876,0.12149985879659653,0.12110501239409277,0.08511545996978048,0.05222316883061329,0.001407594665841131,0.17847284629824425,0.996922298966119,0.003397507281472757,1.0,0.9869203543663025,0.03379105283010811,0.03145872036274805,0.10109715169226613,2.294351266317387e-16,0 days 00:00:34.864630,6894422.000470228
7,0.01,0.1,0.5,3,5000,200.0,0.7348,0.5367018208614005,0.008358025,0.06143578141927719,0.054000380057446465,0.0896511037088224,0.025616052267391016,0.044104703850963656,0.16193857513266313,0.9774546048744367,0.00927740525264765,0.9970488640666008,0.9482839700579643,0.0976416337514165,0.02060050445325793,0.15297364433863578,0.032522871969043805,0 days 00:00:37.523303,6894459.542494187
8,0.01,0.1,0.5,8,5000,2000.0,0.5072,0.6923481686270395,0.09988627,0.002830058103427291,0.23673082675596308,0.006620519326628941,0.008978742947683695,0.0038270523102793773,0.2618471142735348,0.5089010993987321,0.00048536315445712227,0.5099658462405204,0.5063322001695633,0.006345674884922937,0.0028306447060776007,0.03633471862393835,0.004303990225806237,0 days 00:00:43.593687,6894503.387871836
9,0.01,0.01,0.1,1,5000,20.0,0.732,0.5657441811005519,0.024126213,0.08772265911102295,0.07867243133296797,0.05424985195956143,0.023621710221632675,0.009913862167353155,0.10816192967235365,0.9999865885399857,0.00010929478929771513,1.0,0.9989791667461395,0.00018919190627166493,0.0015417925328864194,0.014400623089405538,4.03092920245181e-38,0 days 00:00:28.778055,6894532.183750598
10,0.01,0.01,0.1,3,5000,200.0,0.736,0.533540525449127,0.0049064504,0.0514177531003952,0.04775628070000168,0.04466537242534015,0.017498351570702782,0.008343524502547155,0.09768992350471908,0.999705262203271,0.001425318609633395,1.0,0.9903215859085321,0.0035524593854903137,0.0164277827613866,0.09629907099966667,2.1613868355792738e-20,0 days 00:00:37.476834,6894569.681116379
11,0.01,0.01,0.1,8,5000,2000.0,0.5044,0.6930805973362145,0.10035883,0.004431247711181641,0.23795984776129553,0.017704272329005965,0.01069513870665849,0.009793993105267563,0.062224939208163944,0.5011807873940035,0.0016368901894716174,0.5056691440939903,0.49688308000564574,0.020109130257857103,0.012311179479995897,0.05173599036916044,0.010320994075325478,0 days 00:00:33.914448,6894603.845726972
12,0.01,0.01,0.3,1,5000,20.0,0.7248,0.5710715416330704,0.029837755,0.09864374250173569,0.09410604678501915,0.07133732356020278,0.040481148274525175,0.0020827679852930907,0.14887282360336193,0.9997900412112516,0.0009720228120653062,1.0,0.9949994234205224,0.0029613952058611904,0.013710133692720384,0.07050418789175926,9.664131548425298e-24,0 days 00:00:31.905386,6894635.770654819
13,0.01,0.01,0.3,3,5000,200.0,0.5156,0.6919552949360064,0.099761,0.006177206058055162,0.23730117856373617,0.00981128742033496,0.005487401341947818,0.007528711382625327,0.10063087544434768,0.5045392825259613,0.0006081873080085594,0.5059908686578274,0.5029386058449745,0.009217472504900003,0.0004402540668552405,0.010531072792872218,0.008252126119634126,0 days 00:00:23.706224,6894659.495810745
14,0.01,0.01,0.3,8,5000,2000.0,0.5056,0.6930866547991281,0.100362286,1.0371208190917969e-05,0.23795640654673406,0.0042563357849532,0.0003007995884266907,0.0035089046896312837,0.02116813370417703,0.5055914905117108,0.0003159891601488588,0.5064045107364654,0.5047116376459598,0.004230082505179263,0.00019905521163763278,0.004660268833267332,0.0035945231461050027,0 days 00:00:30.598769,6894690.340789511
15,0.01,0.01,0.5,1,5000,20.0,0.7188,0.5824148159496102,0.038863063,0.12209103256464005,0.1153409196030123,0.08816316397177763,0.05229024456541428,0.004271809281682752,0.20479191616598882,0.996485054199512,0.005365888073959873,1.0,0.9768729496002198,0.03165048522554104,0.03930472824445103,0.13159952615018441,1.2109525000492854e-13,0 days 00:00:29.491646,6894719.851978816
16,0.01,0.01,0.5,3,5000,200.0,0.7332,0.5363691611220471,0.010941346,0.05878251791000366,0.06215696215366552,0.10439858955991894,0.03591916648959111,0.053070254409797644,0.21190817167122866,0.8316936960266186,0.011279885451010139,0.8557175746560097,0.798009686768055,0.17009199939107206,0.0023306983652178043,0.17573349359260607,0.16370934776322502,0 days 00:00:51.336142,6894771.207101262
17,0.01,0.01,0.5,8,5000,2000.0,0.4976,0.6931588348626707,0.10036285,0.004483401775360107,0.23782715541829896,0.02169106644990309,0.005470066208732487,0.007309185003860651,0.09320145113084266,0.5009439685043807,0.0018156829345784401,0.5045735198259353,0.49528666093945506,0.022242719774085335,0.005949615490562593,0.04236329341098662,0.010842712009394396,0 days 00:00:34.753432,6894806.208145816
18,0.01,0.001,0.1,1,5000,20.0,0.718,0.5674241384080445,0.025563775,0.09382954239845276,0.09062149232735464,0.057090028076574866,0.026229939402775147,0.013872009470889164,0.12843741116040994,0.999995577935989,2.5200928789024978e-05,1.0,0.9998105472326279,6.238082023327602e-05,0.00035550281459609717,0.0026725599071046363,4.731682433560133e-37,0 days 00:00:27.894640,6894834.120672287
19,0.01,0.001,0.1,3,5000,200.0,0.7366,0.533861903189569,0.0046996432,0.05809296667575836,0.05434656063615913,0.057345875278608335,0.015544222842609867,0.0006089392086007412,0.10604816629561274,0.9946481743861848,0.003750055494621324,1.0,0.9816925186850131,0.05004880464645938,0.025355787934638822,0.10794260648222523,2.3182128031223706e-20,0 days 00:00:35.143657,6894869.28513225
20,0.01,0.001,0.1,8,5000,2000.0,0.4954,0.6931464578598008,0.100376114,0.007513850927352905,0.23809178053846192,0.0180372678969072,0.017256676624919292,0.005758778292507039,0.08810053875624756,0.4980868796809362,0.0022558237335598198,0.5008634811639786,0.48889298364520073,0.01806728567370036,0.017821207927749626,0.07033664620967857,0.006509713974401688,0 days 00:00:34.776630,6894904.309117
21,0.01,0.001,0.3,1,5000,20.0,0.7238,0.571878151395748,0.030939799,0.10356371104717255,0.0980747972529156,0.07388783130745649,0.04181480627886864,0.003850219642982794,0.1602446895814194,0.9994845820920399,0.0016448878786259954,1.0,0.987108599729836,0.006634170404103898,0.019358913565774682,0.10489350168101365,1.2429265342274397e-22,0 days 00:00:31.749801,6894936.07865428
22,0.01,0.001,0.3,3,5000,200.0,0.7356,0.5321957418410574,0.005407351,0.043756160885095596,0.04436451294375657,0.10307685393421114,0.044624456263743575,0.004580557408877711,0.22620802619373276,0.8857041647262297,0.012857518900831531,0.9126998627185822,0.8464506156742573,0.18053432017840018,0.0074213451561383524,0.19690310134204214,0.15762633416554236,0 days 00:00:40.461089,6894976.559077807
23,0.01,0.001,0.3,8,5000,2000.0,0.5266,0.692659934940597,0.100147225,0.004145324230194092,0.23670884618272614,0.03725683272708087,0.027162821554904563,0.00822742415283026,0.21805521732267016,0.5024320504078978,0.0046245326054598045,0.5161614906939213,0.49114284247159956,0.054352863796547954,0.03267596201303602,0.14092198906337422,0.009348161127538232,0 days 00:00:32.404342,6895009.214304743
24,0.01,0.001,0.5,1,5000,20.0,0.7172,0.5805739212978906,0.037312116,0.11733311414718628,0.11264461119284462,0.08918280136531835,0.05240495942140808,0.003591589606705576,0.18988771103796134,0.998404069013607,0.0023371563213148983,1.0,0.991159349232912,0.01959452845665724,0.027218186698456964,0.08795987956570213,1.4997008706936266e-14,0 days 00:00:32.625889,6895041.858484111
25,0.01,0.001,0.5,3,5000,200.0,0.7328,0.5322539827026083,0.0075861015,0.04608260840177536,0.04377560841327141,0.07709442913448436,0.024020336102344376,0.03246722916183063,0.15522130402857134,0.9908829731648218,0.005515954680209058,0.9998595365881919,0.9745982980026747,0.07118991493687492,0.03029130765656331,0.13688867506322483,0.0015479138311690274,0 days 00:00:50.445896,6895092.325750961
26,0.01,0.001,0.5,8,5000,2000.0,0.4936,0.6935300116584417,0.100540735,0.012897282838821411,0.23938745124449562,0.0245570135843591,0.002332938331353467,0.00999965115386814,0.04472807126933095,0.4925902102323105,0.0017294091913812627,0.4972135204076767,0.48771589681506156,0.025077398090326265,0.002676793163416224,0.037098981466065516,0.02000120241469699,0 days 00:00:42.158130,6895134.733150806
27,0.001,0.1,0.1,1,5000,20.0,0.728,0.5639139315175442,0.025006574,0.09014402329921722,0.0820895908426268,0.07544696490127362,0.02691989985557626,0.023346172274259967,0.1450556811294015,0.9991910670230748,0.0020353611885038573,1.0,0.9863230453501456,0.010684479348689838,0.02514725367638839,0.11109430185247272,2.807027995245283e-25,0 days 00:00:49.907072,6895184.660248071
28,0.001,0.1,0.1,3,5000,200.0,0.7334,0.5308363488293774,0.0038308972,0.023778554052114487,0.029319859781838754,0.032825992826093164,0.014345387601769856,0.002109499343922313,0.0709715866992638,0.9999999998120161,1.2529941628005186e-09,1.0,0.9999999886751175,2.722692114926222e-09,1.7545687242159937e-08,1.590486340326794e-07,8.243864111723714e-21,0 days 00:00:33.625555,6895218.305333005
29,0.001,0.1,0.1,8,5000,2000.0,0.7356,0.5284876273238768,0.002934507,0.03717419132590294,0.03667049968378818,0.03199746537857002,0.01671162259753995,1.1920928955078125e-07,0.07744867506431838,1.0,0.0,1.0,1.0,6.1122043727271095e-12,2.8676491328643754e-11,2.5754167041349044e-10,1.1827241268857174e-19,0 days 00:00:34.803626,6895253.360962303
30,0.001,0.1,0.3,1,5000,20.0,0.7324,0.5824935876803004,0.039460156,0.10973328351974487,0.1046747482489569,0.08318587331973581,0.023588719216237255,0.02787076381866244,0.14345807502920363,0.9998546996197683,0.00075073126517082,1.0,0.9950129126862157,0.0020490669833353797,0.010590475494649778,0.07035152313875871,1.2425942377126399e-18,0 days 00:00:41.698098,6895295.077462304
31,0.001,0.1,0.3,3,5000,200.0,0.7378,0.527976167641904,0.0028425404,0.028196386992931366,0.026943644191488425,0.05265722445067291,0.021157888735081076,0.006952297652591128,0.12455613689016382,0.9999999995369179,3.3009771872607223e-09,1.0,0.9999999719858169,6.3792901648290755e-09,4.596188927707878e-08,3.929472138492161e-07,2.060469460104991e-19,0 days 00:00:38.298411,6895333.397183722
32,0.001,0.1,0.3,8,5000,2000.0,0.7324,0.5285906176799493,0.0025706226,0.031954728066921234,0.030532340297266643,0.05724685234624582,0.027592421757703583,1.6243021306564504e-05,0.1235447489176246,0.9999999999495652,3.7868301767349434e-10,1.0,0.9999999964237213,9.335241256703935e-10,5.314390618477925e-09,4.870539019318661e-08,2.354804014017505e-15,0 days 00:00:33.223462,6895366.871720666
33,0.001,0.1,0.5,1,5000,20.0,0.7282,0.5906164956172625,0.046300996,0.12229985743761063,0.11657827281465362,0.09100974034799095,0.037430032392692165,0.03373613594314507,0.17149494608105215,0.995147090879878,0.006279601247778703,1.0,0.9675870894314721,0.0440405932376768,0.0428164332929286,0.15545137437219445,4.84999555570804e-13,0 days 00:00:49.933123,6895416.825187268
34,0.001,0.1,0.5,3,5000,200.0,0.7358,0.5328490746127382,0.0050940923,0.0428524874150753,0.04187968425599466,0.06916787609158533,0.024103368710242924,0.020065894420771724,0.14811924252637151,0.9999999957909952,4.6258695871975986e-08,1.0,0.9999994724988938,5.9357161295467474e-08,6.527741757271345e-07,7.443799177617852e-06,4.095702161468749e-18,0 days 00:00:36.040656,6895452.885462391
35,0.001,0.1,0.5,8,5000,2000.0,0.7212,0.5443366797716435,0.012724508,0.07051897794008255,0.06955179725762065,0.07017807343556558,0.026561079228846526,0.000476598309610067,0.1428622736190177,0.9999999655691476,2.0199012685872479e-07,1.0,0.9999978438019752,4.6399253153282235e-07,2.829238989308447e-06,3.0327890391028366e-05,1.0879740718261566e-14,0 days 00:00:34.793230,6895487.931086963
36,0.001,0.01,0.1,1,5000,20.0,0.7282,0.5657347176432375,0.024979044,0.08681276440620422,0.08176181656231712,0.07263267697295768,0.02463389280060455,0.012443743470261124,0.14224144420834148,0.9998204290116091,0.0008277496491125395,1.0,0.995000001341445,0.0025331606420598133,0.01167684598525114,0.07053366308178921,1.2734073957029655e-34,0 days 00:00:56.075581,6895544.025477356
37,0.001,0.01,0.1,3,5000,200.0,0.7342,0.5289902735866066,0.0039920523,0.022597698494791985,0.027837260136917036,0.03372584783525251,0.01469138981900443,0.0027022720807947345,0.0907014465534846,0.9999999808164742,2.0372903819403605e-07,1.0,0.9999976766109466,2.643693368771195e-07,2.8656031228343434e-06,3.268096742528988e-05,2.0524996315154898e-24,0 days 00:00:32.177456,6895576.224473101
38,0.001,0.01,0.1,8,5000,2000.0,0.5792,0.6487376960272935,0.08112953,0.15536218881607056,0.16006843031754325,0.024846663977960468,0.01193662763081913,0.0006294320850543893,0.04997921667487772,0.9999999991380251,6.315407314609129e-09,1.0,0.9999999332427979,1.175237425710372e-08,8.6374041670472e-08,9.340551934344957e-07,1.070603528885127e-15,0 days 00:00:30.734451,6895607.208580278
39,0.001,0.01,0.3,1,5000,20.0,0.7272,0.5832002626800147,0.04029483,0.11400064826011658,0.10902771545162032,0.09989804824032418,0.033588083891032176,0.043519125976316166,0.19725525885423978,0.9950180235843928,0.005396056961029157,1.0,0.9704527316486928,0.04872669611998566,0.043310683156940845,0.16804684052130991,4.396417099453294e-12,0 days 00:00:37.912822,6895645.141929858
40,0.001,0.01,0.3,3,5000,200.0,0.7366,0.5283510183234321,0.002657054,0.030534040182828903,0.030082093792386154,0.05345464136974228,0.021931244246177064,0.00888669224831742,0.12654193715997816,0.9999999999724902,2.2093005487601317e-10,1.0,0.9999999982118607,4.704187046709584e-10,3.3380255123673123e-09,2.7286124336949303e-08,1.234354127374739e-18,0 days 00:00:30.527867,6895675.689572687
41,0.001,0.01,0.3,8,5000,2000.0,0.7378,0.5291328518329053,0.0029652354,0.04217362403869629,0.03604431495996906,0.05784858998369425,0.028255457626023224,2.4660750297843716e-05,0.12570408543316602,0.9999999995506726,2.14209530082444e-09,1.0,0.9999999785423279,6.088981569296738e-09,2.9215552532865212e-08,3.066642697273678e-07,4.550592621725617e-15,0 days 00:00:34.895757,6895710.865735981
42,0.001,0.01,0.5,1,5000,20.0,0.7344,0.6062004655339253,0.05615169,0.14493831992149353,0.142546271957062,0.10272632354303977,0.043075530398122876,0.035774347101435636,0.22533812973677964,0.9297851950401473,0.03936716557855583,0.9868309657275677,0.8455848904233426,0.22623536046682963,0.06917503409656713,0.33413550929500346,0.08909074362141725,0 days 00:00:41.747407,6895752.63208299
43,0.001,0.01,0.5,3,5000,200.0,0.7328,0.5301114486840679,0.0037245038,0.04371687397360802,0.040204802358500456,0.06550615932914261,0.02444226682314132,0.014494442233860603,0.15357464596126094,0.9999997917344936,2.1370586626740066e-06,1.0,0.9999757587909699,2.936629005205665e-06,3.0145111468806137e-05,0.00034195368502743824,3.742130417963313e-16,0 days 00:00:40.560226,6895793.2139552
44,0.001,0.01,0.5,8,5000,2000.0,0.7294,0.5373815991719558,0.008546418,0.05608748644590378,0.060052308585821446,0.07050462600887135,0.02852213662598638,0.0005609363889037114,0.14692905258934924,0.9999999719353823,9.948793637738824e-08,1.0,0.999999212026596,3.391456968688039e-07,1.2675427822240562e-06,1.1115827496209094e-05,7.131093159534438e-13,0 days 00:00:35.748511,6895829.212763523
45,0.001,0.001,0.1,1,5000,20.0,0.7332,0.5637952393363272,0.024992878,0.09046244621276855,0.08257298451175521,0.07518799370614564,0.026051098021924596,0.02538055374369727,0.1454695540533372,0.9996406208389356,0.0013413179776519228,1.0,0.9924572528566933,0.004858314192767194,0.017907437860536588,0.078955673703457,3.871445724055255e-29,0 days 00:00:44.675538,6895873.90894674
46,0.001,0.001,0.1,3,5000,200.0,0.7318,0.5290109621878822,0.0045367675,0.03173511102795601,0.02999259775031897,0.03390665624982954,0.014438934906327848,0.002081828845131926,0.08191978827319969,0.9998695206742446,0.0006444378384059947,1.0,0.9941921524330973,0.0016144324188847904,0.007825717088196125,0.06579628888536686,1.1989205846628479e-17,0 days 00:00:33.680445,6895907.60954237
47,0.001,0.001,0.1,8,5000,2000.0,0.7364,0.527187926934761,0.0023202065,0.019070979207754135,0.014863142286466482,0.036007606644835655,0.018418978476554236,4.9779692555934406e-08,0.08285219938441145,1.0,0.0,1.0,1.0,1.432410405271528e-11,4.884706142870254e-11,3.100974784837098e-10,3.8920488146765476e-20,0 days 00:00:38.086219,6895945.948398307
48,0.001,0.001,0.3,1,5000,20.0,0.73,0.5811085044875095,0.039563272,0.11507836729288101,0.11079250593294927,0.0975518934343529,0.034787840877763564,0.03732363870018887,0.18595215391866515,0.9919656674709253,0.009380349726751983,1.0,0.9608654023706913,0.063098020043306,0.055593104379512044,0.1831999956741809,8.625640608642957e-13,0 days 00:00:32.479715,6895978.447614723
49,0.001,0.001,0.3,3,5000,200.0,0.7366,0.5285795085746433,0.0023289877,0.03172219172120094,0.030711075635418097,0.05245646839025736,0.021862011640881522,0.00771222269937776,0.11478684517395338,0.9999999999862452,1.1653129635886679e-10,1.0,0.9999999988079071,1.9030602816584262e-10,1.5107417450865867e-09,1.60906823784052e-08,2.5770200657750857e-19,0 days 00:00:38.256566,6896016.726157615
50,0.001,0.001,0.3,8,5000,2000.0,0.7342,0.5289723579787506,0.0027080136,0.035118553787469864,0.034766403464826734,0.05430115247314526,0.02514777839926201,4.826767711968165e-05,0.11577348517941827,0.9999999999037156,7.633979252437798e-10,1.0,0.9999999916553497,1.5410582401964304e-09,1.0761944343410082e-08,1.1730424241987854e-07,2.448642277060854e-15,0 days 00:00:38.994852,6896055.971612537
51,0.001,0.001,0.5,1,5000,20.0,0.726,0.5904966980799603,0.04514717,0.12377765774726868,0.1252715464483721,0.0955566790489811,0.04793350885334266,0.0208504151322453,0.20717550028221038,0.9793193385338144,0.020617211777589732,0.9999999988079071,0.9306045658473159,0.10422894879313806,0.07053386968647862,0.22989801908119362,1.4360424180289595e-08,0 days 00:00:46.122864,6896102.115238971
52,0.001,0.001,0.5,3,5000,200.0,0.7358,0.5331391818739623,0.0048002135,0.04727041348814964,0.04526131148540954,0.0711734976847712,0.024337918955480684,0.016515720463536176,0.14399976102417333,0.9999999763484184,2.0896719331009858e-07,1.0,0.999997738301754,3.336999524429742e-07,2.9478825510714698e-06,3.190605851283018e-05,1.0043407947596881e-16,0 days 00:00:31.465590,6896133.601377347
53,0.001,0.001,0.5,8,5000,2000.0,0.7392,0.5360000179402179,0.0071735983,0.0626782551407814,0.06096320233319093,0.061727617149157255,0.030738236196509918,5.073144010959977e-05,0.1436731672549927,0.9999972132146359,1.2715659502672228e-05,0.9999999970197677,0.9998567923903465,3.278285242635694e-05,0.0001698083538022465,0.0019169675276988385,3.062336521119076e-08,0 days 00:00:50.213031,6896184.066925989
54,0.0001,0.1,0.1,1,5000,20.0,0.7142,0.6225540724585947,0.06810556,0.1406790018081665,0.14690288148035835,0.097365969782625,0.05230822859303035,0.010411299744183755,0.2895287538277019,0.9469844381175033,0.03307748939029877,0.9911795578896999,0.8443875671339555,0.19767760670474355,0.06865343237742424,0.35904868601192924,0.07591222441307259,0 days 00:00:55.282955,6896239.369596718
55,0.0001,0.1,0.1,3,5000,200.0,0.733,0.5276052663430908,0.0026581744,0.019163114950060844,0.024612703190907637,0.03468548738629085,0.01534117767728108,0.004061915744210048,0.08092271240880268,0.9999999999908301,7.364335162535776e-11,1.0,0.9999999994039536,1.5532304497539642e-10,9.481056420735418e-10,8.638342690566684e-09,4.270782337367668e-22,0 days 00:00:46.035549,6896285.427254346
56,0.0001,0.1,0.1,8,5000,2000.0,0.7334,0.5292499552007707,0.0045268103,0.031229207292199135,0.03353391811136608,0.015715050088164186,0.007427914380514634,2.5897920987352496e-05,0.04160798512530384,1.0,0.0,1.0,1.0,7.788912478812714e-12,3.077178248712789e-11,1.841003297943817e-10,1.4604313655900059e-21,0 days 00:00:38.976873,6896324.655456073
57,0.0001,0.1,0.3,1,5000,20.0,0.6792,0.6367366509746808,0.07372708,0.13901463150978088,0.16077813386430573,0.07838383734459069,0.03531904249000723,0.01925017497167099,0.23198623587620337,0.9507336299406947,0.035697755052842194,0.9999999278783798,0.8585832837173996,0.17660418822209203,0.09310464297841643,0.33568288001647334,8.68347314563923e-07,0 days 00:01:01.364639,6896386.041092648
58,0.0001,0.1,0.3,3,5000,200.0,0.7352,0.5289375439520969,0.0032684605,0.030019165948033333,0.027808776554442742,0.05629667398758358,0.023025575913495886,0.012696799387007223,0.13125820038732267,0.9999999987437176,1.395629588232673e-08,1.0,0.9999998408555985,1.7760912878208433e-08,1.961353917008699e-07,2.2366415830377917e-06,7.11324357092603e-20,0 days 00:00:48.222529,6896434.286924881
59,0.0001,0.1,0.3,8,5000,2000.0,0.7374,0.5301731348466275,0.003842462,0.04965965077280998,0.04091853742075692,0.030911079399901085,0.01750710577077142,0.000699496467452528,0.08795646501934408,1.0,0.0,1.0,1.0,1.4131131326143131e-11,4.3730325105250837e-11,2.3940166668015106e-10,4.221294046668216e-17,0 days 00:00:36.535833,6896471.071082675
60,0.0001,0.1,0.5,1,5000,20.0,0.727,0.6335968124938527,0.07191837,0.1691679209470749,0.16984840786566566,0.09302773965743882,0.04965224183079267,0.010072133069420201,0.28567473408084143,0.8781861897094458,0.06493668182912271,0.968917366527021,0.7113783582336798,0.2961321966041206,0.07585902875865476,0.44527595658280833,0.13829597474806796,0 days 00:00:52.150065,6896523.242314152
61,0.0001,0.1,0.5,3,5000,200.0,0.7376,0.5341106441172239,0.006425907,0.045086413621902466,0.039969520743541216,0.07825748679436614,0.02007301919425982,0.033458917062952453,0.13854016452974002,0.9999948317775361,5.4823863296603034e-05,1.0,0.9993752351403237,7.288180020100009e-05,0.000773145340246642,0.00881064483656683,9.579035534290068e-16,0 days 00:00:52.807852,6896576.071077443
62,0.0001,0.1,0.5,8,5000,2000.0,0.7354,0.5339566597481394,0.005028145,0.04661116749048233,0.04067938981240223,0.04932755663281027,0.019435635540172806,0.004173743396304207,0.09968953281565854,1.0,0.0,1.0,1.0,1.0074803348156707e-16,4.765699694998344e-16,4.371917131577219e-15,1.592645118627826e-25,0 days 00:00:34.977061,6896611.30238623
63,0.0001,0.01,0.1,1,5000,20.0,0.6502,0.6371131302573411,0.07508849,0.1550457924604416,0.15782674192895718,0.05995442776252262,0.029938936301873876,0.006515608025043927,0.16593218750372934,0.9679545915036197,0.0320852520427468,0.9999998480081558,0.8717994890753937,0.14537565749782924,0.08178442636316413,0.3280181735250682,2.1218713652007394e-06,0 days 00:01:07.321902,6896678.64421932
64,0.0001,0.01,0.1,3,5000,200.0,0.7356,0.5274545769968784,0.0022628638,0.023318840190768242,0.02436986918819676,0.035310870998135055,0.01510867174267509,0.003962725987436416,0.088674032619251,0.9999999999954149,5.227673051990938e-11,1.0,0.9999999994039536,1.4187193696161052e-10,5.478811775234075e-10,4.389062526157936e-09,2.08528016581396e-21,0 days 00:00:52.036246,6896730.704484681
65,0.0001,0.01,0.1,8,5000,2000.0,0.7342,0.5290313457157432,0.0039121355,0.028133388608694077,0.030741608599409755,0.014145443089294977,0.006925440247468799,6.407030775992978e-07,0.039940506303142935,1.0,0.0,1.0,1.0,1.4132238542211294e-10,6.096621418613639e-10,4.808508264053637e-09,1.335518567140069e-16,0 days 00:00:44.683734,6896775.638839144
66,0.0001,0.01,0.3,1,5000,20.0,0.73,0.6196151047286564,0.06468497,0.14958995580673218,0.1461791333328707,0.06438391672794462,0.025873107911433126,0.026252833424242877,0.14769450163742578,0.9955691340699926,0.008068799078773272,0.9999999982118607,0.9674689366455386,0.03330598149223385,0.050891353858131726,0.17145999537237763,1.8115443891013905e-08,0 days 00:01:05.840648,6896841.501452497
67,0.0001,0.01,0.3,3,5000,200.0,0.7348,0.5284692807893588,0.002813327,0.03364236652851105,0.030147366830311516,0.05442151456449717,0.021321118583273437,0.01208149921749199,0.11768601159898065,0.9999999999220555,7.361601989810655e-10,1.0,0.9999999916553497,1.1461538307646686e-09,1.0047797662450763e-08,1.1410123221423135e-07,5.3050831054517813e-20,0 days 00:00:53.628069,6896895.153567129
68,0.0001,0.01,0.3,8,5000,2000.0,0.7326,0.5276248135415172,0.0035264625,0.02631513960659504,0.03186648659901767,0.03295581275408964,0.015410783847300553,0.0004172542098048563,0.08008274439597403,0.9999999999724902,2.330625927175663e-10,1.0,0.9999999976158143,4.0993435907117e-10,2.9662084683659827e-09,3.032306272359104e-08,6.219467240440611e-19,0 days 00:00:52.670127,6896948.075128216
69,0.0001,0.01,0.5,1,5000,20.0,0.5798,0.6540281991813891,0.083266035,0.15270370244979858,0.17545491185297796,0.1055747558703004,0.0714060495262629,0.00921640920334323,0.337501346275177,0.8850952475909358,0.0802942149144229,0.9857583455741405,0.7309493479628852,0.27176548798600886,0.118272178884983,0.43813690705050645,0.07608557374297446,0 days 00:00:47.737264,6896995.834292354
70,0.0001,0.01,0.5,3,5000,200.0,0.7376,0.5340392763573856,0.006530999,0.045796751976013184,0.04172484581505487,0.08126424528269283,0.02017104966608232,0.036746539224496,0.14355041449517222,0.9999494214631043,0.0004242286513135732,1.0,0.9956529489159585,0.00071349527780161,0.005984481479357285,0.0613227019326459,8.917036491411696e-17,0 days 00:00:56.654804,6897052.510729259
71,0.0001,0.01,0.5,8,5000,2000.0,0.7372,0.5300542517013908,0.0027609332,0.037408001720905304,0.03371471201961468,0.05029774401500132,0.022259329221428627,0.003276880223217944,0.10534672277747757,1.0,0.0,1.0,1.0,5.404233592645684e-14,3.499933439702092e-13,3.5739905027255077e-12,1.0538196179216843e-21,0 days 00:00:35.684252,6897088.447513752
72,0.0001,0.001,0.1,1,5000,20.0,0.6196,0.6436653906938576,0.07905077,0.159670889377594,0.163558482761286,0.10050503996064829,0.05363570442716734,0.011524934091431606,0.31410107415680766,0.9018950105854642,0.06468827652851698,0.9991100960969925,0.7783777577352989,0.2602275663036418,0.10715773566870411,0.4125317717244031,0.010946824870967143,0 days 00:00:48.490370,6897136.958316393
73,0.0001,0.001,0.1,3,5000,200.0,0.7368,0.5277935058558907,0.002229619,0.02567593939602375,0.024355930791213908,0.03768044518376071,0.014664898124719912,0.005094248804493756,0.08608720099702416,0.9999999999862452,1.1653129635886679e-10,1.0,0.9999999988079071,2.1865681067180844e-10,1.3382614551448793e-09,1.3591471230995796e-08,2.0197509678600802e-21,0 days 00:00:41.384224,6897178.365532043
74,0.0001,0.001,0.1,8,5000,2000.0,0.7316,0.5296806177340677,0.005560123,0.03295264020562172,0.038418071446438995,0.015040820054633596,0.008022602767583435,2.2922524186102356e-05,0.05737624047624636,1.0,0.0,1.0,1.0,1.111137065221789e-10,4.253733228850045e-10,2.6072011652523802e-09,1.56831547379408e-17,0 days 00:00:41.490113,6897220.107464716
75,0.0001,0.001,0.3,1,5000,20.0,0.7214,0.620704988330087,0.06548039,0.1489308774471283,0.15146907991876435,0.14302780932437104,0.073342700593226,0.01827722953970066,0.3677833592226832,0.8429766085800446,0.07201172783046102,0.9996015933156014,0.7407074930078479,0.33192968428160957,0.10035299412911838,0.4281041023287475,0.004006804957560934,0 days 00:00:49.970472,6897270.099815951
76,0.0001,0.001,0.3,3,5000,200.0,0.7344,0.528064539454727,0.002463513,0.03198666125535965,0.030362922923616864,0.052430185176236634,0.02143691166191719,0.011550499928414799,0.11527009209764856,0.9999999999862452,8.984130483448042e-11,1.0,0.9999999994039536,2.710341215976383e-10,1.276156015380158e-09,1.0620727368332039e-08,3.637162964689095e-18,0 days 00:00:55.794194,6897325.915200421
77,0.0001,0.001,0.3,8,5000,2000.0,0.7384,0.529713963870945,0.0032740005,0.036249659955501556,0.029810633140500434,0.0383863564235212,0.01906383983565183,0.0005146170629477641,0.08728685867748656,1.0,0.0,1.0,1.0,3.755930942304381e-12,2.3753386509288096e-11,2.562841535044896e-10,6.77677484622488e-22,0 days 00:00:43.027085,6897369.196792593
78,0.0001,0.001,0.5,1,5000,20.0,0.7354,0.6118927043981689,0.059040044,0.14591847360134125,0.14921465656270813,0.09215718223698444,0.04186529201750577,0.02445770574860575,0.21210627624542772,0.9564335077698278,0.025236872781773976,0.9993947398662567,0.8748880855739116,0.17295453061568153,0.055382346167517436,0.30018169232679887,0.006728686286711178,0 days 00:01:23.484015,6897452.700852292
79,0.0001,0.001,0.5,3,5000,200.0,0.7354,0.5307853840343619,0.004071355,0.04517001658678055,0.03776505390477906,0.07391060736993715,0.023098458807753925,0.026198488393335464,0.1516165679248772,0.9999996904318148,3.2835476656810547e-06,1.0,0.9999625569581986,4.364913849108124e-06,4.6318952284495386e-05,0.0005281852250551237,3.260191791147842e-16,0 days 00:01:11.162609,6897523.88750222
80,0.0001,0.001,0.5,8,5000,2000.0,0.7408,0.5317388720503862,0.0032032365,0.0446680523455143,0.03806140471005419,0.0496222233109108,0.021953245770088347,0.003795592903009532,0.10507057717687883,1.0,0.0,1.0,1.0,3.192896695746496e-13,9.290170791159976e-13,6.1058774799017346e-12,3.040761656392754e-20,0 days 00:00:35.016243,6897559.157637396
